,監督名
0,實好　礼忠
1,奥野　僚右
2,金　鍾成
3,吉田　謙
4,長谷部　茂利
5,リカルド　ロドリゲス
6,リュイス　プラナグマ
7,三浦　文丈
8,髙木　理己
9,大木　武
10,シュタルフ　悠紀リヒャルト
11,石﨑　信弘
12,森下　仁志
13,仲田　建二
14,望月　一仁
15,松田　岳夫
16,田坂　和昭
17,鈴木　政一
18,横山　雄次
19,秋田　豊
20,霜田　正浩
21,石丸　清隆
22,柴田　峡
23,川井　健太
24,尹　晶煥
25,小林　伸二
26,樋口　靖洋
27,ランコ　ポポヴィッチ
28,手倉森　誠
29,柳下　正明
30,伊藤　彰
31,有馬　賢二
32,今井　雅隆
33,安達　亮
34,高木　琢也
35,アルベルト
36,丸山　良明
37,中口　雅史
38,永井　秀樹
39,秋葉　忠宏
40,マッシモ　フィッカデンティ
41,沢田　謙太郎
42,金　明輝
43,片野坂　知宏
44,ネルシーニョ
45,鬼木　達
46,長谷川　健太
47,三浦　淳寛
48,ザーゴ
49,ロティーナ
50,下平　隆宏
51,アンジェ　ポステコグルー
52,木山　隆之
53,浮嶋　敏
54,宮本　恒靖
55,平岡　宏章
56,大槻　毅
57,ペトロヴィッチ
58,城福　浩
59,増田　功作
60,ピーター　クラモフスキー
61,フェルナンド　フベロ
62,マルコス　ビベス
63,布　啓一郎
64,トルステン　フィンク
65,ゼムノビッチ　ズドラブコ
66,薩川　了洋
67,村田　一弘
68,菊池　利三
69,上村　健一
70,間瀬　秀一
71,大石　篤人
72,大熊　裕司
73,渋谷　洋樹
74,長澤　徹
75,渡邉　晋
76,大岩　剛
77,篠田　善之
78,反町　康治
79,北野　誠
80,相馬　直樹
81,吉永　一明
82,江尻　篤彦
83,久藤　清一
84,中田　一三
85,上野　優作
86,高橋　健二
87,三枝　寛和
88,風間　八宏
89,原田　武男
90,小林　稔
91,村主　博正
92,鈴木　秀人
93,曺　貴裁
94,ギャリー　ジョン　ホワイト
95,清川　浩行
96,名波　浩
97,ファビオ　ペッキア
98,吉田　孝行
99,オズワルド　オリヴェイラ
100,タヴァレス
101,ヤン　ヨンソン
102,ルイス　カレーラス
103,フアン　マヌエル　リージョ
104,片渕　浩一郎
105,フアン　エスナイデル
106,須藤　大輔
107,西ヶ谷　隆之
108,三浦　泰年
109,柱谷　哲二
110,阪倉　裕二
111,岩瀬　健
112,安間　貴義
113,井原　正巳
114,石井　正忠
115,ジュロヴスキー
116,上野　展裕
117,加藤　望
118,伊藤　健一
119,林　健太郎
120,ギジェルモ
121,レヴィー　クルピ
122,杉山　弘一
123,森下　仁之
124,イバン　パランコ
125,浅野　哲也
126,森岡　隆三
127,早川　知伸
128,浮氣　哲郎
129,布部　陽功
130,関　浩二
131,吉田　達磨
132,堀　孝史
133,ブルーノ　コンカ
134,中村　忠
135,安永　聡太郎
136,呂比須　ワグナー
137,四方田　修平
138,エリク　モンバエルツ
139,カルロス　マジョ―ル
140,池谷　友良
141,奥寺　康彦
142,中田　仁司
143,横内　昭展
144,森保　一
145,猿澤　真治
146,吉田　恵
147,冨樫　剛一
148,大熊　清
149,柱谷　幸一
150,神川　明彦
151,服部　浩紀
152,栗原　圭介
153,長島　裕明
154,佐久間　悟
155,小倉　隆史
156,関塚　隆
157,黒崎　久志
158,ラモス　瑠偉
159,田中　遼太郎
160,ミロシュ　ルス
161,ミルトン　メンデス
162,衛藤　元
163,鳴尾　直軌
164,倉田　安治
165,小野　剛
166,柳田　伸明
167,松原　良香
168,澤入　重雄
169,松波　正信
170,西野　朗
171,パウロ　アウトゥオリ
172,高畠　勉
173,辛島　啓珠
174,岸野　靖之
175,美濃部　直彦
176,大榎　克己
177,バルバリッチ
178,トニーニョ　セレーゾ
179,和田　昌裕
180,原崎　政人
181,水島　武蔵
182,木村　哲昌
183,影山　雅永
184,川勝　良一
185,マリヤン　プシュニク
186,与那城　ジョージ
187,山口　素弘
188,シャムスカ
189,名塚　善寛
190,マルコ　ペッツァイオリ
191,財前　恵一
192,アフシン　ゴトビ
193,斉藤　和夫
194,鈴木　淳
195,バドゥ
196,グラハム　アーノルド
197,ストイコビッチ
198,小倉　勉
199,前田　浩二
200,松本　育夫
201,池田　太
202,松田　浩
203,行徳　浩二
204,岡本　武行
205,小村　徳男
206,ベルデニック
207,マテル
208,吉田　靖
209,栗原　克志
210,石崎　信弘
211,ジョルジーニョ
212,副島　博志
213,高橋　真一郎
214,吉澤　英生
215,青野　慎也
216,オズワルド　アルディレス
217,セルジオ　ソアレス
218,依田　光正
219,望月　達也
220,アイルトン
221,金　熙虎
222,中村　有
223,セホーン
224,田口　貴寛
225,アーサー　パパス
226,内藤　就行
227,佐藤　尽
228,葛野　昌宏
229,ダニエル　ポヤトス
230,甲本　偉嗣
231,西村　俊寛
232,時崎　悠
233,小菊　昭雄
234,和泉　茂徳
235,上野山　信行
